id,first_name,last_name,email,gender,ip_address,age
1,Orelie,Oxbe,ooxbe0@chicagotribune.com,Female,104.158.76.212,71
2,Elke,Vasyutin,evasyutin1@mail.ru,Female,75.248.31.227,70
3,Godfrey,Bengtsen,gbengtsen2@live.com,Male,184.20.158.49,55
4,Dolly,Caitlin,dcaitlin3@google.com,Female,137.157.89.124,81
5,Skipton,Wilmore,swilmore4@spiegel.de,Male,162.64.120.147,93
6,Josephina,Liverock,jliverock5@wordpress.org,Female,165.19.108.7,19
7,Amitie,Brahmer,abrahmer6@altervista.org,Female,60.5.109.157,91
8,Hallsy,Minnis,hminnis7@fda.gov,Male,92.73.119.80,59
9,Regan,Cottam,rcottam8@furl.net,Male,221.136.32.150,92
10,Arlyne,Johanning,ajohanning9@google.cn,Female,8.151.30.186,59
11,Lora,Bill,lbilla@mediafire.com,Female,155.85.237.23,15
12,Augustin,Blasdale,ablasdaleb@google.ru,Male,180.108.170.23,14
13,Mano,Barkess,mbarkessc@kickstarter.com,Male,62.243.65.21,80
14,Langsdon,Boatright,lboatrightd@msn.com,Male,190.132.8.223,68
15,Nanette,Grigaut,ngrigaute@bandcamp.com,Female,46.63.45.37,36
16,Carleton,Wiskar,cwiskarf@pbs.org,Male,49.48.242.84,77
17,Mayne,O'Doran,modorang@slate.com,Male,177.43.194.208,98
18,Arabel,Wellard,awellardh@reverbnation.com,Female,120.134.120.163,73
19,Devy,Escofier,descofieri@skyrock.com,Male,34.41.15.215,31
20,Karel,Tape,ktapej@blogtalkradio.com,Male,159.172.244.105,58
21,Letty,Benzi,lbenzik@dot.gov,Female,46.251.253.249,63
22,Ronnica,Penner,rpennerl@list-manage.com,Female,70.31.222.109,42
23,Clementia,Tesoe,ctesoem@nsw.gov.au,Female,121.145.232.219,68
24,Sheilakathryn,Bachnic,sbachnicn@un.org,Female,189.50.242.1,12
25,Jennie,Concannon,jconcannono@china.com.cn,Female,174.183.218.36,45
26,Marijn,Ballin,mballinp@xinhuanet.com,Male,47.186.192.58,94
27,Janaya,Holtaway,jholtawayq@example.com,Female,65.46.64.131,9
28,Dickie,Bushnell,dbushnellr@live.com,Male,12.183.114.132,48
29,Darice,Grieve,dgrieves@privacy.gov.au,Female,135.144.113.104,87
30,Hubey,Bagshaw,hbagshawt@joomla.org,Male,125.116.117.235,2
31,Reid,Bagnell,rbagnellu@nba.com,Male,76.62.14.90,0
32,Carolan,Pearcey,cpearceyv@biglobe.ne.jp,Female,76.6.176.142,83
33,Cedric,Knagges,cknaggesw@walmart.com,Male,61.245.254.238,76
34,Haily,Cicutto,hcicuttox@yahoo.com,Female,84.197.4.44,72
35,Ricky,Morrott,rmorrotty@newyorker.com,Male,168.139.247.50,7
36,Nevin,Valentin,nvalentinz@mlb.com,Male,210.132.166.161,41
37,Muffin,Ramplee,mramplee10@yelp.com,Female,73.200.101.176,29
38,Harris,Silberschatz,hsilberschatz11@pen.io,Male,208.24.137.170,21
39,Heall,Broadbere,hbroadbere12@w3.org,Male,36.169.185.116,9
40,Huberto,Pedrol,hpedrol13@amazonaws.com,Male,172.46.205.85,1
41,Harriott,Murty,hmurty14@amazon.co.uk,Female,76.27.196.194,13
42,Garfield,Hedger,ghedger15@mediafire.com,Male,15.126.220.103,93
43,Dominick,Keppel,dkeppel16@nationalgeographic.com,Male,182.9.117.229,84
44,Sheppard,Macilhench,smacilhench17@51.la,Male,135.17.171.134,25
45,Shay,Sealove,ssealove18@pinterest.com,Male,59.91.53.215,46
46,Joseito,Tippetts,jtippetts19@diigo.com,Male,42.54.37.243,75
47,Paulette,Totterdill,ptotterdill1a@disqus.com,Female,170.155.157.212,30
48,Nikita,Gidden,ngidden1b@mysql.com,Male,74.119.25.117,1
49,Harcourt,Seers,hseers1c@163.com,Male,83.232.170.136,33
50,Ingra,O'Growgane,iogrowgane1d@japanpost.jp,Male,129.195.154.175,91
51,Whittaker,Durnan,wdurnan1e@sogou.com,Male,156.36.71.13,8
52,Beverley,Romanelli,bromanelli1f@addthis.com,Female,201.115.62.159,44
53,Magda,Spittal,mspittal1g@wufoo.com,Female,88.159.198.2,41
54,Dodi,Cawthorne,dcawthorne1h@stumbleupon.com,Female,72.13.129.178,28
55,Pace,Lepper,plepper1i@homestead.com,Male,207.156.182.227,42
56,Morgan,Petersen,mpetersen1j@noaa.gov,Male,251.167.158.132,55
57,Giles,Grimsdike,ggrimsdike1k@fema.gov,Male,105.144.126.193,55
58,Marga,Paffley,mpaffley1l@alibaba.com,Female,7.66.62.43,20
59,Ichabod,Wegener,iwegener1m@gov.uk,Male,34.124.81.157,87
60,Therese,Lemary,tlemary1n@squidoo.com,Female,191.16.135.239,60
61,Anastasia,Soppett,asoppett1o@salon.com,Female,15.210.47.183,14
62,Ashby,Madgewick,amadgewick1p@buzzfeed.com,Male,253.125.67.196,29
63,Jordan,Seiler,jseiler1q@nytimes.com,Female,251.223.54.73,1
64,Justina,Eisenberg,jeisenberg1r@bigcartel.com,Female,172.111.249.48,27
65,Allyce,Holcroft,aholcroft1s@clickbank.net,Female,134.202.225.99,81
66,Verina,Barltrop,vbarltrop1t@yale.edu,Female,191.249.24.165,49
67,Allie,Sharrem,asharrem1u@sogou.com,Male,204.169.170.66,75
68,Sheena,Pringour,springour1v@baidu.com,Female,6.67.90.64,4
69,Ogdon,Hassell,ohassell1w@utexas.edu,Male,197.52.115.162,13
70,Stanton,Ossipenko,sossipenko1x@goodreads.com,Male,68.255.197.127,12
71,Eugenio,Mayou,emayou1y@edublogs.org,Male,32.113.145.184,5
72,Andie,Borrow,aborrow1z@tumblr.com,Male,10.186.122.188,5
73,Fleur,Rameaux,frameaux20@sbwire.com,Female,83.194.140.14,38
74,Appolonia,Burles,aburles21@people.com.cn,Female,143.149.14.162,95
75,Angelico,Dykes,adykes22@skype.com,Male,63.9.119.133,38
76,Cornell,Kirwan,ckirwan23@zdnet.com,Male,196.195.78.210,48
77,Haleigh,Kenchington,hkenchington24@squarespace.com,Female,120.109.132.97,85
78,Michelina,Kislingbury,mkislingbury25@nationalgeographic.com,Female,23.61.117.90,81
79,Tomas,Degli Antoni,tdegliantoni26@blogtalkradio.com,Male,210.90.131.0,96
80,Benjamen,Kaliszewski,bkaliszewski27@desdev.cn,Male,145.236.131.31,40
81,Conrade,Coldham,ccoldham28@shutterfly.com,Male,147.109.198.176,58
82,Annamarie,Rubke,arubke29@zdnet.com,Female,73.22.117.178,46
83,Liam,Szimon,lszimon2a@mapquest.com,Male,160.146.243.27,67
84,Sydel,Jaffrey,sjaffrey2b@microsoft.com,Female,247.0.36.46,93
85,Theo,Paterson,tpaterson2c@nps.gov,Female,171.33.51.71,13
86,Wynnie,Deerr,wdeerr2d@fastcompany.com,Female,226.27.180.62,21
87,Gustaf,Patroni,gpatroni2e@cisco.com,Male,221.96.89.173,48
88,Janella,Chapling,jchapling2f@ca.gov,Female,66.15.208.128,39
89,Crissy,Moorcraft,cmoorcraft2g@istockphoto.com,Female,110.6.174.38,77
90,Layne,Ughi,lughi2h@vk.com,Female,46.240.20.222,54
91,Haley,De Blasi,hdeblasi2i@t.co,Female,198.172.32.182,35
92,Mic,Markie,mmarkie2j@arizona.edu,Male,70.58.204.60,37
93,Celestyn,Errington,cerrington2k@china.com.cn,Female,125.87.204.7,17
94,Kerianne,Tonkin,ktonkin2l@yandex.ru,Female,55.242.207.177,67
95,Edwina,Tilzey,etilzey2m@surveymonkey.com,Female,43.154.242.6,59
96,Julienne,Tarburn,jtarburn2n@wufoo.com,Female,23.179.103.28,95
97,Jecho,Rubertelli,jrubertelli2o@dagondesign.com,Male,158.81.132.57,53
98,Hynda,Tinwell,htinwell2p@harvard.edu,Female,229.238.22.237,78
99,Olivero,Petrecz,opetrecz2q@digg.com,Male,222.2.118.74,76
100,Garvin,Milburn,gmilburn2r@instagram.com,Male,229.60.68.155,3
101,Jae,McKillop,jmckillop2s@about.com,Male,155.94.215.213,42
102,Averyl,Saltman,asaltman2t@php.net,Female,196.201.3.229,86
103,Ephrem,Spilsburie,espilsburie2u@wunderground.com,Male,242.211.214.186,29
104,Dimitri,Dadswell,ddadswell2v@acquirethisname.com,Male,146.188.49.69,90
105,Marje,Simms,msimms2w@51.la,Female,18.207.124.96,45
106,Izaak,Crombleholme,icrombleholme2x@cbsnews.com,Male,88.215.48.155,67
107,Poppy,Rush,prush2y@ucoz.ru,Female,107.83.83.211,38
108,Norbert,Brave,nbrave2z@drupal.org,Male,235.171.168.30,5
109,Gussy,Krzyzanowski,gkrzyzanowski30@rakuten.co.jp,Female,170.57.148.33,65
110,Pepillo,Deeth,pdeeth31@cdc.gov,Male,44.200.208.144,39
111,Con,Kleinmintz,ckleinmintz32@cloudflare.com,Male,186.83.93.27,48
112,Hildagarde,Headan,hheadan33@bluehost.com,Female,203.200.149.203,58
113,Dov,Cayet,dcayet34@google.com.hk,Male,242.83.187.145,46
114,Brocky,Hancorn,bhancorn35@github.com,Male,65.172.230.226,71
115,Cathryn,Etter,cetter36@github.com,Female,8.224.239.7,7
116,Missie,Pennycord,mpennycord37@reddit.com,Female,92.172.114.35,97
117,Bethena,Josupeit,bjosupeit38@spiegel.de,Female,53.2.137.151,83
118,Gilberte,Elston,gelston39@angelfire.com,Female,158.76.59.84,93
119,Nevins,Luety,nluety3a@uiuc.edu,Male,150.1.251.1,78
120,Niko,Kinchley,nkinchley3b@typepad.com,Male,87.123.247.35,82
121,Vannie,Casham,vcasham3c@washingtonpost.com,Female,5.96.4.35,53
122,Kalli,Hawthorn,khawthorn3d@networksolutions.com,Female,103.119.12.218,93
123,Jorry,Wemyss,jwemyss3e@cornell.edu,Female,71.233.91.232,76
124,Boone,Hollow,bhollow3f@qq.com,Male,220.45.165.239,71
125,Chrysler,Brussels,cbrussels3g@mozilla.org,Female,95.231.72.195,37
126,Teirtza,Cullabine,tcullabine3h@usnews.com,Female,109.1.12.10,67
127,Alleyn,Crame,acrame3i@jugem.jp,Male,5.154.57.107,35
128,Elliott,Sparkes,esparkes3j@printfriendly.com,Male,17.181.69.59,77
129,Christopher,Legate,clegate3k@freewebs.com,Male,91.230.111.237,96
130,Thelma,Viggars,tviggars3l@java.com,Female,185.71.209.57,80
131,Ezra,Axup,eaxup3m@about.com,Male,90.86.20.243,23
132,Barty,Ingrem,bingrem3n@taobao.com,Male,224.157.60.175,7
133,Elisha,Barefoot,ebarefoot3o@moonfruit.com,Female,65.208.162.247,30
134,Jeff,Curedale,jcuredale3p@1688.com,Male,167.102.192.150,81
135,Rene,Cockin,rcockin3q@github.io,Male,30.76.105.157,72
136,Charlotte,Templeton,ctempleton3r@oracle.com,Female,53.72.213.7,64
137,Nehemiah,Bendixen,nbendixen3s@bing.com,Male,43.134.115.201,80
138,Rhetta,Cullimore,rcullimore3t@eventbrite.com,Female,143.71.248.126,40
139,Belicia,Goretti,bgoretti3u@spotify.com,Female,38.205.55.7,90
140,Doloritas,MacGilmartin,dmacgilmartin3v@youku.com,Female,37.108.5.34,69
141,Melany,Levin,mlevin3w@yelp.com,Female,252.61.120.252,65
142,Johnny,Maxworthy,jmaxworthy3x@oracle.com,Male,234.77.30.102,43
143,Hagen,Scintsbury,hscintsbury3y@stumbleupon.com,Male,43.61.90.125,45
144,Lindy,Bignal,lbignal3z@home.pl,Female,67.7.80.101,1
145,Nanon,Lemmon,nlemmon40@creativecommons.org,Female,215.101.49.227,7
146,Franzen,Tzarkov,ftzarkov41@mediafire.com,Male,52.46.17.96,30
147,Tadio,Scargill,tscargill42@whitehouse.gov,Male,73.13.32.166,78
148,Andi,Baudichon,abaudichon43@cmu.edu,Female,198.64.172.10,80
149,Burch,Velten,bvelten44@stanford.edu,Male,29.143.157.164,12
150,Darby,Josephi,djosephi45@homestead.com,Female,1.107.221.236,54
151,Artemas,Linnemann,alinnemann46@chicagotribune.com,Male,156.98.4.131,56
152,Dennie,Crawshay,dcrawshay47@nyu.edu,Female,61.186.136.202,97
153,Harmonia,Strelitzer,hstrelitzer48@imageshack.us,Female,139.172.13.219,26
154,Giffy,Wealthall,gwealthall49@bing.com,Male,64.79.178.11,90
155,Esther,Longshaw,elongshaw4a@tripod.com,Female,13.65.146.101,20
156,Farica,Pirkis,fpirkis4b@soup.io,Female,190.151.96.194,64
157,Meriel,Attack,mattack4c@about.com,Female,18.219.135.33,21
158,Ulrich,Marielle,umarielle4d@google.nl,Male,104.166.149.155,27
159,Verna,Arnoud,varnoud4e@xinhuanet.com,Female,245.82.102.219,27
160,Silvano,Lamswood,slamswood4f@homestead.com,Male,49.82.218.144,49
161,Piper,Pollitt,ppollitt4g@mlb.com,Female,201.104.146.161,43
162,Hewie,Acres,hacres4h@rakuten.co.jp,Male,42.214.140.65,51
163,Pauli,Alsop,palsop4i@ibm.com,Female,209.105.175.140,84
164,Carlyn,Walduck,cwalduck4j@amazon.com,Female,76.233.90.67,94
165,Meredith,Schoenrock,mschoenrock4k@shareasale.com,Male,12.194.8.168,12
166,Caz,Mervyn,cmervyn4l@buzzfeed.com,Male,177.237.134.182,13
167,Harrison,Staresmeare,hstaresmeare4m@feedburner.com,Male,39.118.15.49,40
168,Laverne,Godfrey,lgodfrey4n@dmoz.org,Female,249.139.101.114,25
169,Pavlov,Scheffel,pscheffel4o@statcounter.com,Male,54.139.145.207,87
170,Dorolisa,Winfred,dwinfred4p@hexun.com,Female,49.64.198.202,56
171,Roxanna,Whitmarsh,rwhitmarsh4q@statcounter.com,Female,195.174.85.191,49
172,Kaycee,Torbard,ktorbard4r@usgs.gov,Female,215.163.90.161,8
173,Phoebe,Fardoe,pfardoe4s@creativecommons.org,Female,176.88.46.171,79
174,Giacomo,Stinson,gstinson4t@examiner.com,Male,101.176.146.199,98
175,Tracy,Kidder,tkidder4u@aol.com,Female,54.81.99.186,54
176,Abbott,Creamer,acreamer4v@hostgator.com,Male,136.182.208.70,66
177,Peder,Haskett,phaskett4w@elegantthemes.com,Male,210.54.170.111,62
178,Berkly,Mutlow,bmutlow4x@google.ca,Male,88.147.136.228,100
179,Dicky,Fahy,dfahy4y@hugedomains.com,Male,129.17.23.162,58
180,Esma,Phinnis,ephinnis4z@privacy.gov.au,Female,105.222.111.31,16
181,Haslett,Kleehuhler,hkleehuhler50@whitehouse.gov,Male,197.34.117.124,45
182,Penn,Bwye,pbwye51@acquirethisname.com,Male,58.80.72.92,73
183,Eveleen,Benasik,ebenasik52@surveymonkey.com,Female,226.149.147.109,18
184,Michelina,Yusupov,myusupov53@omniture.com,Female,129.25.14.220,42
185,Edithe,Berndtssen,eberndtssen54@blog.com,Female,197.229.113.196,37
186,Edithe,Billingsley,ebillingsley55@japanpost.jp,Female,136.206.6.64,12
187,Eldin,Viles,eviles56@themeforest.net,Male,153.8.67.185,61
188,Margaret,Pickavant,mpickavant57@drupal.org,Female,44.24.162.31,59
189,Lenee,Vignal,lvignal58@vimeo.com,Female,112.144.139.50,25
190,Avery,O'Shevlin,aoshevlin59@state.gov,Male,166.16.44.9,38
191,Deane,Stoffler,dstoffler5a@people.com.cn,Male,38.168.77.110,83
192,Kev,Pepperell,kpepperell5b@seesaa.net,Male,75.206.150.10,62
193,Tiffany,Golborne,tgolborne5c@usgs.gov,Female,177.43.59.219,61
194,Sutherland,Petren,spetren5d@soundcloud.com,Male,208.106.132.113,67
195,Stella,Szymonowicz,sszymonowicz5e@photobucket.com,Female,232.165.160.164,4
196,Lorry,Normanvill,lnormanvill5f@instagram.com,Female,136.15.247.48,97
197,Ezechiel,Dovinson,edovinson5g@ameblo.jp,Male,183.231.117.32,86
198,Tiffanie,Boniface,tboniface5h@weibo.com,Female,83.76.190.60,95
199,Winni,Wondraschek,wwondraschek5i@netvibes.com,Female,94.166.155.197,60
200,Mab,Robottom,mrobottom5j@posterous.com,Female,52.72.91.220,87
201,Evvy,Epilet,eepilet5k@indiegogo.com,Female,19.107.192.176,93
202,Gradey,Padfield,gpadfield5l@plala.or.jp,Male,66.150.49.55,21
203,Joshia,Boocock,jboocock5m@psu.edu,Male,4.21.167.162,29
204,Bobbye,Samett,bsamett5n@timesonline.co.uk,Female,0.85.215.170,74
205,Rollin,MacPharlain,rmacpharlain5o@pbs.org,Male,159.114.249.11,43
206,Quintina,Dailey,qdailey5p@si.edu,Female,109.138.79.236,83
207,Harry,Francombe,hfrancombe5q@unblog.fr,Male,230.174.81.195,53
208,Bone,Wombwell,bwombwell5r@usda.gov,Male,151.34.183.209,96
209,Terri-jo,Torricina,ttorricina5s@apache.org,Female,223.225.95.232,12
210,Poul,Roper,proper5t@ihg.com,Male,68.68.195.92,97
211,Efren,Jollye,ejollye5u@paypal.com,Male,207.157.107.19,31
212,Jamesy,Attril,jattril5v@mapy.cz,Male,129.220.112.255,10
213,Quentin,Hamelyn,qhamelyn5w@msn.com,Male,81.178.222.28,23
214,Lelah,Peatman,lpeatman5x@artisteer.com,Female,129.46.30.70,23
215,Ezmeralda,Ciciura,eciciura5y@skype.com,Female,44.8.199.131,17
216,Karisa,Cairns,kcairns5z@woothemes.com,Female,95.43.34.204,58
217,Bari,Patten,bpatten60@ihg.com,Female,175.89.250.221,77
218,Leodora,Patshull,lpatshull61@themeforest.net,Female,130.7.106.59,23
219,Gallard,Gemlbett,ggemlbett62@ycombinator.com,Male,141.223.162.222,80
220,Linnea,Richter,lrichter63@ebay.com,Female,251.79.109.85,4
221,Ronnie,Frentz,rfrentz64@goodreads.com,Male,2.86.160.54,25
222,Brittni,Mankor,bmankor65@edublogs.org,Female,95.91.8.219,51
223,Vonni,Earry,vearry66@chronoengine.com,Female,196.16.253.216,70
224,Valentina,Cleworth,vcleworth67@nyu.edu,Female,31.226.37.32,7
225,Lacy,Bertelsen,lbertelsen68@elpais.com,Female,88.125.36.180,57
226,Ainsley,Joslow,ajoslow69@nydailynews.com,Female,158.237.115.16,37
227,Izak,Tocknell,itocknell6a@histats.com,Male,15.222.115.36,0
228,Christabella,Andersen,candersen6b@uol.com.br,Female,255.123.32.25,56
229,Marmaduke,Chipchase,mchipchase6c@mozilla.org,Male,20.5.62.125,28
230,Ray,Swateridge,rswateridge6d@rediff.com,Male,178.99.122.108,44
231,Lamond,Goolding,lgoolding6e@ovh.net,Male,107.163.71.251,54
232,Viole,Gentreau,vgentreau6f@yolasite.com,Female,212.198.254.224,49
233,Sarita,Bustin,sbustin6g@sciencedaily.com,Female,137.179.116.160,86
234,Thorsten,Deegin,tdeegin6h@deviantart.com,Male,159.222.39.143,31
235,Aharon,Egginton,aegginton6i@de.vu,Male,102.116.215.119,47
236,Pancho,Bouldstridge,pbouldstridge6j@census.gov,Male,245.218.15.220,93
237,Reggie,Morecombe,rmorecombe6k@artisteer.com,Female,145.95.164.255,62
238,Petronilla,Bonnaire,pbonnaire6l@privacy.gov.au,Female,103.54.202.182,38
239,Joice,Burrill,jburrill6m@flavors.me,Female,73.144.146.96,49
240,Stormy,Glandfield,sglandfield6n@geocities.jp,Female,252.168.2.128,55
241,Netty,Whyman,nwhyman6o@google.com.hk,Female,78.9.169.252,7
242,Rafferty,Shortell,rshortell6p@netscape.com,Male,129.208.214.128,51
243,Bibbye,Dilloway,bdilloway6q@altervista.org,Female,69.77.201.200,37
244,Lind,Limrick,llimrick6r@msu.edu,Male,32.131.243.94,23
245,Juliane,Daykin,jdaykin6s@nps.gov,Female,173.12.5.174,73
246,Darla,Master,dmaster6t@nationalgeographic.com,Female,26.60.244.62,40
247,Jan,Bernardos,jbernardos6u@furl.net,Male,16.30.182.137,74
248,Oralia,Robroe,orobroe6v@liveinternet.ru,Female,26.65.250.246,75
249,Erik,Bainbrigge,ebainbrigge6w@patch.com,Male,56.199.16.199,39
250,Oona,Droghan,odroghan6x@deliciousdays.com,Female,82.236.40.128,88
251,Johannes,Clelle,jclelle6y@typepad.com,Male,194.59.9.51,80
252,Ab,Goulbourne,agoulbourne6z@soup.io,Male,127.167.12.215,92
253,Mike,Woolward,mwoolward70@aol.com,Male,222.242.101.24,87
254,Shayla,Race,srace71@a8.net,Female,11.42.0.79,36
255,Zilvia,Feria,zferia72@wix.com,Female,118.89.31.235,8
256,Corrie,Fossick,cfossick73@mediafire.com,Female,14.146.78.22,45
257,Nanette,Dockrill,ndockrill74@cmu.edu,Female,78.127.73.58,96
258,Mose,Soans,msoans75@purevolume.com,Male,80.250.75.185,34
259,Kerrill,Salisbury,ksalisbury76@squarespace.com,Female,36.164.152.40,28
260,Luelle,Gowar,lgowar77@posterous.com,Female,197.249.30.35,0
261,Ab,Bedford,abedford78@pcworld.com,Male,124.194.222.127,37
262,Laurena,Gerrens,lgerrens79@japanpost.jp,Female,128.109.170.49,90
263,Rubi,Labern,rlabern7a@biglobe.ne.jp,Female,138.199.211.208,2
264,Tadd,De Ruel,tderuel7b@howstuffworks.com,Male,240.57.38.33,50
265,Nana,Phillott,nphillott7c@marketwatch.com,Female,215.30.87.214,28
266,Hernando,Sleeman,hsleeman7d@yelp.com,Male,147.130.238.22,61
267,Spenser,Haestier,shaestier7e@symantec.com,Male,152.64.205.113,54
268,Carroll,Wittrington,cwittrington7f@blinklist.com,Female,116.165.122.219,64
269,Ninon,Luckham,nluckham7g@usgs.gov,Female,90.135.218.145,34
270,Rockwell,Brandacci,rbrandacci7h@opensource.org,Male,158.24.64.55,74
271,Andrei,Woodward,awoodward7i@marketwatch.com,Female,19.199.160.51,87
272,Mariana,Piotr,mpiotr7j@pbs.org,Female,51.166.169.242,72
273,Foss,Tegler,ftegler7k@mysql.com,Male,143.81.137.126,31
274,Svend,Moberley,smoberley7l@freewebs.com,Male,62.243.193.25,92
275,Myrtie,Suter,msuter7m@adobe.com,Female,4.216.38.247,23
276,Bertina,Gannicleff,bgannicleff7n@about.com,Female,171.34.181.135,29
277,Marcelle,Eacott,meacott7o@toplist.cz,Female,3.38.11.205,98
278,Dominic,Garn,dgarn7p@unblog.fr,Male,234.165.209.87,24
279,Zitella,Colloby,zcolloby7q@biglobe.ne.jp,Female,176.242.117.105,69
280,Terrye,Renon,trenon7r@sfgate.com,Female,148.168.164.21,31
281,Saloma,Holsey,sholsey7s@wufoo.com,Female,195.12.199.11,2
282,Felike,Pinchback,fpinchback7t@themeforest.net,Male,138.227.11.251,44
283,Harriott,Childerley,hchilderley7u@bbb.org,Female,179.156.31.242,45
284,Jasmina,Foad,jfoad7v@eventbrite.com,Female,32.198.193.53,5
285,Estele,Yter,eyter7w@unblog.fr,Female,116.129.45.46,94
286,Tybalt,Manna,tmanna7x@go.com,Male,70.157.223.228,31
287,Emery,Chattelaine,echattelaine7y@delicious.com,Male,142.90.190.27,37
288,Honey,Aistrop,haistrop7z@wisc.edu,Female,113.46.19.80,32
289,Mattias,Edwin,medwin80@jigsy.com,Male,217.235.172.42,49
290,Gayel,Cowdrey,gcowdrey81@elpais.com,Female,82.92.144.194,62
291,Frankie,Ornillos,fornillos82@google.fr,Male,199.99.150.156,2
292,Emyle,Yurikov,eyurikov83@sun.com,Female,94.243.235.108,53
293,Joanie,Romeril,jromeril84@shareasale.com,Female,113.220.247.188,84
294,Osbert,Clegg,oclegg85@google.es,Male,145.2.215.7,26
295,Carter,Sommerland,csommerland86@harvard.edu,Male,85.140.206.210,20
296,Abigail,Oby,aoby87@free.fr,Female,154.186.141.126,2
297,Bear,Keizman,bkeizman88@cbsnews.com,Male,1.197.174.114,27
298,Michael,Greedy,mgreedy89@harvard.edu,Male,29.166.147.241,19
299,Elene,Lilie,elilie8a@washington.edu,Female,190.80.193.173,37
300,Bonni,Bresnen,bbresnen8b@mayoclinic.com,Female,73.19.66.8,64
301,Cece,Conklin,cconklin8c@nydailynews.com,Male,12.35.83.112,50
302,Fernandina,Comazzo,fcomazzo8d@bbc.co.uk,Female,177.26.157.209,86
303,Alix,Vallintine,avallintine8e@vistaprint.com,Female,231.162.16.65,9
304,Kathleen,O'Hartnedy,kohartnedy8f@over-blog.com,Female,236.219.3.206,57
305,Martainn,Luter,mluter8g@globo.com,Male,143.222.184.193,1
306,Anna-diane,Stollberger,astollberger8h@woothemes.com,Female,146.40.198.118,5
307,Hamish,Radke,hradke8i@parallels.com,Male,145.33.33.235,44
308,Friedrich,Jouhan,fjouhan8j@theatlantic.com,Male,185.173.5.250,84
309,Leigh,McLurg,lmclurg8k@princeton.edu,Male,226.208.118.155,26
310,Mannie,Troughton,mtroughton8l@cloudflare.com,Male,205.163.119.43,42
311,Tristam,Dow,tdow8m@cpanel.net,Male,49.177.111.50,58
312,Kerri,Doxsey,kdoxsey8n@mtv.com,Female,92.11.56.151,80
313,Galen,McCoole,gmccoole8o@fema.gov,Male,223.95.186.218,67
314,Ursuline,Pentecost,upentecost8p@nyu.edu,Female,38.251.54.70,15
315,Marylinda,Jakubovits,mjakubovits8q@webeden.co.uk,Female,6.109.116.66,73
316,Brien,Bollini,bbollini8r@cafepress.com,Male,60.227.65.172,61
317,Maximilian,Syratt,msyratt8s@xing.com,Male,200.183.69.11,18
318,Cheston,Lansberry,clansberry8t@ft.com,Male,230.219.160.53,33
319,Bee,Riba,briba8u@hibu.com,Female,142.8.35.245,35
320,Johan,Albrooke,jalbrooke8v@artisteer.com,Male,11.34.86.231,50
321,Cozmo,Honack,chonack8w@vk.com,Male,68.36.18.79,7
322,Lissi,Antushev,lantushev8x@whitehouse.gov,Female,234.176.50.126,56
323,Stanislaw,Mandeville,smandeville8y@gov.uk,Male,159.90.235.106,67
324,Virginia,Macconachy,vmacconachy8z@rediff.com,Female,51.183.147.75,96
325,Wesley,Day,wday90@cbsnews.com,Male,156.91.105.121,49
326,Emmeline,Ower,eower91@parallels.com,Female,142.231.87.86,0
327,Egbert,Potteridge,epotteridge92@webs.com,Male,127.54.97.203,62
328,Jephthah,Housbey,jhousbey93@google.fr,Male,226.127.36.98,66
329,Patrice,Pesak,ppesak94@tumblr.com,Female,252.154.84.22,17
330,Bertrando,Zmitruk,bzmitruk95@yelp.com,Male,45.149.142.164,9
331,Bram,McGuigan,bmcguigan96@blogspot.com,Male,205.25.46.79,68
332,Lynette,Spurritt,lspurritt97@vk.com,Female,215.79.44.96,70
333,Sterling,Frill,sfrill98@phoca.cz,Male,41.121.219.49,0
334,Kathi,Barnby,kbarnby99@forbes.com,Female,236.41.160.61,48
335,Benedict,Lebourn,blebourn9a@virginia.edu,Male,196.177.200.239,64
336,Ebony,Parton,eparton9b@ucoz.ru,Female,214.149.5.160,14
337,Darnall,Spacie,dspacie9c@foxnews.com,Male,17.19.131.164,33
338,Arlan,Hamlen,ahamlen9d@prlog.org,Male,89.41.110.76,85
339,Renaldo,Ferenc,rferenc9e@myspace.com,Male,150.206.160.61,32
340,Frasquito,Penley,fpenley9f@sakura.ne.jp,Male,81.243.80.100,94
341,Odessa,Garn,ogarn9g@flavors.me,Female,64.109.217.66,28
342,Chaddy,Eshelby,ceshelby9h@weibo.com,Male,100.16.223.205,3
343,Hanson,Dymoke,hdymoke9i@ustream.tv,Male,93.80.125.90,42
344,Idette,Duddy,iduddy9j@csmonitor.com,Female,244.96.148.63,3
345,Chiarra,Morforth,cmorforth9k@biglobe.ne.jp,Female,197.42.21.197,60
346,Trstram,Pethrick,tpethrick9l@imdb.com,Male,77.20.169.5,34
347,Ange,Guyers,aguyers9m@weather.com,Male,218.79.42.83,84
348,Hugh,Algy,halgy9n@4shared.com,Male,153.149.166.112,73
349,Jacky,Tuerena,jtuerena9o@addthis.com,Female,212.218.176.20,92
350,Thorpe,Steet,tsteet9p@discuz.net,Male,122.112.79.191,89
351,Linell,Shelper,lshelper9q@dagondesign.com,Female,27.4.253.204,28
352,Natalina,Wisson,nwisson9r@nhs.uk,Female,50.147.86.14,51
353,Jandy,Tunnadine,jtunnadine9s@disqus.com,Female,220.247.140.28,35
354,Norman,Walpole,nwalpole9t@howstuffworks.com,Male,30.148.189.178,44
355,Pierce,Lesley,plesley9u@fda.gov,Male,98.87.217.204,59
356,Mehetabel,Wingham,mwingham9v@walmart.com,Female,125.235.104.206,38
357,Issy,Hannan,ihannan9w@people.com.cn,Female,4.225.46.218,49
358,Honor,Bode,hbode9x@slideshare.net,Female,253.107.52.226,15
359,Correy,Cersey,ccersey9y@cafepress.com,Male,222.254.2.37,88
360,Renie,Joselson,rjoselson9z@theguardian.com,Female,142.194.64.220,51
361,Gusty,Farquharson,gfarquharsona0@vistaprint.com,Female,152.171.88.169,19
362,Lavena,Howells,lhowellsa1@elegantthemes.com,Female,167.226.96.192,25
363,Renae,Gotfrey,rgotfreya2@cdc.gov,Female,221.125.121.72,41
364,Di,Linney,dlinneya3@pagesperso-orange.fr,Female,37.44.207.183,56
365,Herman,Rives,hrivesa4@nymag.com,Male,24.136.120.113,51
366,Frank,Dalgarnocht,fdalgarnochta5@about.com,Male,48.111.17.59,31
367,Conrad,d' Eye,cdeyea6@dell.com,Male,236.43.66.128,87
368,Eberto,Olifard,eolifarda7@bbb.org,Male,215.135.64.96,1
369,Jacinta,Comins,jcominsa8@hexun.com,Female,82.190.37.232,64
370,Susanetta,Whenman,swhenmana9@constantcontact.com,Female,87.228.11.110,66
371,Hailey,Mackerel,hmackerelaa@phpbb.com,Male,254.204.11.15,25
372,Woodman,Scranney,wscranneyab@parallels.com,Male,149.122.182.132,29
373,Tiler,Zaniolo,tzanioloac@infoseek.co.jp,Male,128.178.190.176,98
374,Hubie,Ealam,healamad@nydailynews.com,Male,95.80.142.37,11
375,Raynell,Lesek,rlesekae@bizjournals.com,Female,166.45.204.212,9
376,Jethro,Tewkesberry,jtewkesberryaf@facebook.com,Male,201.140.142.116,0
377,Roselle,Dirr,rdirrag@state.gov,Female,108.191.45.70,74
378,Immanuel,Raunds,iraundsah@mit.edu,Male,54.151.115.5,48
379,Corrinne,Gatesman,cgatesmanai@comcast.net,Female,44.37.71.5,78
380,Catlaina,Copnell,ccopnellaj@hc360.com,Female,146.90.216.82,38
381,Stepha,Remirez,sremirezak@businessweek.com,Female,229.96.211.152,3
382,Rahel,McPheat,rmcpheatal@123-reg.co.uk,Female,158.237.203.52,86
383,Taylor,Melchior,tmelchioram@tiny.cc,Male,183.75.152.47,16
384,Clint,Hucquart,chucquartan@china.com.cn,Male,147.199.194.155,68
385,Renard,Swanston,rswanstonao@vkontakte.ru,Male,121.175.32.29,66
386,Remington,Cosstick,rcosstickap@4shared.com,Male,15.95.80.65,92
387,Micky,Knottley,mknottleyaq@ted.com,Female,16.245.206.49,51
388,Blanche,Elrick,belrickar@wired.com,Female,115.66.44.227,80
389,Luelle,Lynde,llyndeas@wufoo.com,Female,55.251.243.245,0
390,Brit,Liell,bliellat@geocities.com,Male,251.99.173.194,79
391,Barrett,Regan,breganau@over-blog.com,Male,37.66.255.50,75
392,Marne,Beevers,mbeeversav@purevolume.com,Female,91.131.240.150,91
393,Julius,Heams,jheamsaw@cloudflare.com,Male,126.68.95.83,98
394,Modesty,Frow,mfrowax@drupal.org,Female,181.172.13.157,79
395,Audrie,Bohler,abohleray@freewebs.com,Female,95.186.202.67,39
396,Deerdre,Heasman,dheasmanaz@nationalgeographic.com,Female,72.91.163.120,53
397,Aida,Gallichiccio,agallichicciob0@sitemeter.com,Female,84.108.107.77,13
398,Thibaud,Fleming,tflemingb1@nytimes.com,Male,241.66.88.166,61
399,Irita,Vasey,ivaseyb2@arstechnica.com,Female,139.205.224.240,101
400,Malinda,Rahl,mrahlb3@psu.edu,Female,248.9.82.45,56
401,Danica,Schlagman,dschlagmanb4@google.pl,Female,141.175.206.154,95
402,Jephthah,D'Orsay,jdorsayb5@symantec.com,Male,6.63.175.170,46
403,Ardith,Crocombe,acrocombeb6@yandex.ru,Female,104.139.29.144,25
404,Bertram,Habishaw,bhabishawb7@forbes.com,Male,232.20.107.4,59
405,Yurik,Bissill,ybissillb8@umich.edu,Male,176.100.145.109,31
406,Tristan,Duckhouse,tduckhouseb9@hatena.ne.jp,Male,85.204.175.21,57
407,Findley,Rudkin,frudkinba@homestead.com,Male,33.80.148.110,6
408,Yale,Meikle,ymeiklebb@utexas.edu,Male,82.130.182.48,59
409,Damien,Giraux,dgirauxbc@nifty.com,Male,108.206.150.22,54
410,Eyde,Uc,eucbd@marriott.com,Female,84.23.184.210,1
411,Audra,Henric,ahenricbe@zimbio.com,Female,183.201.217.187,9
412,Joaquin,Stirrup,jstirrupbf@ycombinator.com,Male,90.244.16.133,31
413,Jo-anne,Ditty,jdittybg@vk.com,Female,168.71.37.161,31
414,Susette,Kyberd,skyberdbh@bluehost.com,Female,181.235.194.223,17
415,Krystyna,Eccles,kecclesbi@ftc.gov,Female,35.97.217.14,27
416,Ariela,Rosenwasser,arosenwasserbj@engadget.com,Female,109.74.61.100,32
417,Viki,Blemen,vblemenbk@vkontakte.ru,Female,209.252.244.79,62
418,Gamaliel,McIlwrick,gmcilwrickbl@shop-pro.jp,Male,112.90.229.183,44
419,Simmonds,Osbourne,sosbournebm@berkeley.edu,Male,77.67.215.57,81
420,Kaitlynn,Stratley,kstratleybn@springer.com,Female,173.203.125.114,89
421,Alfons,Macvey,amacveybo@yahoo.co.jp,Male,208.202.179.197,86
422,Mata,McCardle,mmccardlebp@eventbrite.com,Male,145.163.108.15,66
423,Fabe,Wickliffe,fwickliffebq@netvibes.com,Male,15.86.23.230,38
424,Kelcy,Silbert,ksilbertbr@tripod.com,Female,176.71.134.25,84
425,Clementia,Manueau,cmanueaubs@digg.com,Female,208.69.46.133,81
426,Der,Caswill,dcaswillbt@icq.com,Male,2.179.30.112,69
427,Aluino,Cosbee,acosbeebu@oakley.com,Male,84.222.69.140,4
428,Kellia,Rysdale,krysdalebv@devhub.com,Female,140.250.126.109,64
429,Gilles,Raleston,gralestonbw@sourceforge.net,Male,54.104.120.1,8
430,Maryanne,Rechert,mrechertbx@toplist.cz,Female,187.194.213.60,32
431,Si,Heintzsch,sheintzschby@yale.edu,Male,172.212.14.239,7
432,Lisle,Voase,lvoasebz@google.cn,Male,241.213.85.199,32
433,Aggi,Matterson,amattersonc0@shinystat.com,Female,117.24.94.53,27
434,Kellen,Langcastle,klangcastlec1@slate.com,Male,167.6.134.123,2
435,Lisetta,Stilwell,lstilwellc2@surveymonkey.com,Female,184.197.130.217,43
436,Urban,Healings,uhealingsc3@sakura.ne.jp,Male,49.243.167.150,93
437,Lars,Pound,lpoundc4@simplemachines.org,Male,24.191.242.178,90
438,Trever,McMenamie,tmcmenamiec5@vk.com,Male,80.187.174.14,46
439,Eldon,Acres,eacresc6@walmart.com,Male,129.43.166.198,87
440,Alwyn,McGinney,amcginneyc7@ustream.tv,Male,42.30.188.216,55
441,Travis,Doman,tdomanc8@theguardian.com,Male,93.219.231.199,84
442,Allys,Braddock,abraddockc9@g.co,Female,154.162.45.58,43
443,Cassaundra,Hamstead,chamsteadca@yellowpages.com,Female,174.16.79.124,50
444,Romonda,MacNamara,rmacnamaracb@dot.gov,Female,5.146.192.101,55
445,Orland,Grayshan,ograyshancc@yellowbook.com,Male,201.196.130.106,47
446,Moses,Inglesent,minglesentcd@bluehost.com,Male,220.182.208.208,54
447,Abigael,Bernlin,abernlince@bbc.co.uk,Female,82.52.234.196,95
448,Em,Teresse,eteressecf@google.com,Female,149.150.254.79,40
449,Betteann,Urvoy,burvoycg@themeforest.net,Female,125.29.70.202,7
450,Bernhard,Eltune,beltunech@buzzfeed.com,Male,245.74.104.225,33
451,Jaclin,Vogel,jvogelci@tripod.com,Female,249.253.135.183,12
452,Minetta,Julien,mjuliencj@rambler.ru,Female,160.50.152.128,10
453,Benyamin,Starbuck,bstarbuckck@ted.com,Male,6.182.249.29,93
454,Manda,Mellanby,mmellanbycl@narod.ru,Female,167.89.89.242,67
455,Lanie,Hagwood,lhagwoodcm@canalblog.com,Female,29.151.12.71,48
456,Worthington,Taffs,wtaffscn@free.fr,Male,155.73.163.198,41
457,Jo,Mathelon,jmathelonco@bizjournals.com,Male,15.251.4.246,49
458,Esme,Barday,ebardaycp@elegantthemes.com,Female,201.131.207.166,56
459,Sigrid,Heggie,sheggiecq@sciencedaily.com,Female,191.79.26.37,38
460,Analiese,Gaiford,agaifordcr@meetup.com,Female,93.253.172.249,97
461,Carlota,Curran,ccurrancs@linkedin.com,Female,247.220.187.141,28
462,Regan,Killimister,rkillimisterct@cbc.ca,Female,217.37.235.150,57
463,Lelah,Fosberry,lfosberrycu@tinyurl.com,Female,239.240.175.76,24
464,Nicolai,Habershon,nhabershoncv@google.cn,Male,13.181.198.240,29
465,Karie,Rampage,krampagecw@printfriendly.com,Female,244.85.86.208,3
466,Carita,Vlasov,cvlasovcx@google.pl,Female,152.69.48.243,100
467,Judye,Daveley,jdaveleycy@wikia.com,Female,149.90.203.224,101
468,Artemas,Goodread,agoodreadcz@jugem.jp,Male,20.7.168.195,10
469,Raddie,Label,rlabeld0@hugedomains.com,Male,37.97.222.210,55
470,Nicolais,Ferrettini,nferrettinid1@people.com.cn,Male,199.105.82.223,75
471,Avery,Romans,aromansd2@vistaprint.com,Male,63.183.50.67,47
472,Ximenez,Bottini,xbottinid3@fema.gov,Male,226.122.41.129,13
473,Lester,Bortoletti,lbortolettid4@friendfeed.com,Male,83.189.110.75,40
474,Phaidra,Roizin,proizind5@guardian.co.uk,Female,115.157.46.37,89
475,Kania,McGruar,kmcgruard6@eventbrite.com,Female,151.101.97.165,41
476,Alard,Steere,asteered7@buzzfeed.com,Male,155.114.132.74,76
477,Corny,Ripsher,cripsherd8@nhs.uk,Male,29.117.178.248,56
478,Ewell,Eardley,eeardleyd9@chronoengine.com,Male,3.96.191.135,82
479,Elyse,Harkus,eharkusda@nps.gov,Female,96.216.88.53,89
480,Cristina,Reeman,creemandb@cnet.com,Female,108.110.229.174,57
481,Wernher,Minshull,wminshulldc@wikispaces.com,Male,196.140.173.243,71
482,Kean,Stansfield,kstansfielddd@scribd.com,Male,211.135.67.20,84
483,Antonin,Wikey,awikeyde@ed.gov,Male,44.219.167.132,93
484,Augustin,Swalwell,aswalwelldf@wisc.edu,Male,204.211.82.19,16
485,Zelda,Morot,zmorotdg@xinhuanet.com,Female,223.188.250.22,27
486,Gallagher,Gutierrez,ggutierrezdh@dedecms.com,Male,47.133.146.111,51
487,Rhoda,Gott,rgottdi@ca.gov,Female,18.27.239.167,48
488,Zulema,Mattisssen,zmattisssendj@jigsy.com,Female,18.144.5.216,29
489,Lucais,Balazot,lbalazotdk@home.pl,Male,30.6.123.39,98
490,Rhodie,Canero,rcanerodl@cmu.edu,Female,9.176.145.147,100
491,Jermayne,Camplin,jcamplindm@freewebs.com,Male,201.44.180.225,44
492,Deena,McCawley,dmccawleydn@pen.io,Female,63.71.125.86,73
493,Vita,Dummett,vdummettdo@indiegogo.com,Female,96.72.190.77,8
494,Tabitha,Aitchinson,taitchinsondp@google.com.br,Female,73.98.37.45,68
495,Boniface,Cushworth,bcushworthdq@netlog.com,Male,118.237.158.51,40
496,Rene,Rounsivall,rrounsivalldr@cam.ac.uk,Female,215.100.46.240,28
497,Ronda,Stolli,rstollids@oakley.com,Female,109.44.119.0,32
498,Guenevere,Peachment,gpeachmentdt@arizona.edu,Female,7.193.185.167,6
499,Clare,Opfer,copferdu@twitter.com,Male,146.36.251.217,3
500,Eli,Gabbot,egabbotdv@jugem.jp,Male,153.219.52.113,44
501,Shalom,Camelli,scamellidw@blogger.com,Male,8.127.1.132,91
502,Julissa,Karlsson,jkarlssondx@hostgator.com,Female,8.5.145.135,70
503,Rachael,Hazeldene,rhazeldenedy@theatlantic.com,Female,146.216.151.46,96
504,Forrester,Brimmicombe,fbrimmicombedz@who.int,Male,188.107.60.169,2
505,Thoma,Charlson,tcharlsone0@acquirethisname.com,Male,128.245.97.65,13
506,Nelson,Plenderleith,nplenderleithe1@yellowpages.com,Male,18.83.69.41,60
507,Hanna,Clifford,hclifforde2@sbwire.com,Female,44.252.126.207,18
508,Dev,Haffner,dhaffnere3@sfgate.com,Male,105.251.34.240,51
509,Nicolais,Doncaster,ndoncastere4@miitbeian.gov.cn,Male,58.116.97.48,64
510,Putnem,Riddett,priddette5@rakuten.co.jp,Male,210.109.120.52,24
511,Worthy,Heaton,wheatone6@feedburner.com,Male,72.195.174.21,75
512,Vin,Strathearn,vstrathearne7@bbc.co.uk,Female,86.28.205.240,41
513,Tracy,Matityahu,tmatityahue8@springer.com,Female,226.116.241.47,63
514,Emmalyn,McKeady,emckeadye9@a8.net,Female,61.128.15.50,78
515,Sandy,Tuffin,stuffinea@nsw.gov.au,Male,232.67.25.124,38
516,Morgen,Coleby,mcolebyeb@cafepress.com,Male,95.187.63.227,35
517,Olga,Redsell,oredsellec@army.mil,Female,55.253.179.125,90
518,Tomasine,Pestell,tpestelled@gov.uk,Female,201.62.171.64,74
519,Jard,Daish,jdaishee@google.it,Male,49.42.60.132,55
520,Phineas,Thomke,pthomkeef@friendfeed.com,Male,69.232.213.168,66
521,Jonathan,Coulter,jcoultereg@free.fr,Male,3.105.96.142,85
522,Abdul,Peedell,apeedelleh@craigslist.org,Male,81.234.190.92,36
523,Elga,Pigford,epigfordei@comcast.net,Female,80.193.202.232,9
524,Gordy,Ogilvy,gogilvyej@istockphoto.com,Male,243.34.105.202,95
525,Francis,Pogosian,fpogosianek@youtube.com,Male,35.125.80.86,16
526,Cyndy,Petican,cpeticanel@fda.gov,Female,51.109.185.232,20
527,Linell,Clover,lcloverem@gov.uk,Female,234.186.17.171,44
528,Amitie,Scripps,ascrippsen@ucoz.ru,Female,150.114.245.147,94
529,Davide,Stitch,dstitcheo@g.co,Male,211.207.89.176,67
530,Thane,Rust,trustep@mac.com,Male,226.73.60.65,6
531,Christi,Drinkel,cdrinkeleq@goo.gl,Female,175.191.102.161,97
532,Prescott,Balaizot,pbalaizoter@aboutads.info,Male,151.29.171.99,1
533,Brinn,Haselhurst,bhaselhurstes@ft.com,Female,28.131.234.183,43
534,Hamlin,Brayn,hbraynet@gov.uk,Male,26.165.92.219,88
535,Berry,Botten,bbotteneu@flickr.com,Female,44.233.90.25,62
536,Perle,Kubicka,pkubickaev@nih.gov,Female,128.172.76.21,58
537,Susan,Pippard,spippardew@gizmodo.com,Female,189.86.249.41,28
538,Dyann,Sampey,dsampeyex@jalbum.net,Female,134.209.41.237,80
539,Jaymie,Barzen,jbarzeney@reference.com,Male,176.18.58.167,79
540,Wilhelmina,Pesak,wpesakez@mysql.com,Female,22.102.195.20,27
541,Heath,Seabrooke,hseabrookef0@deviantart.com,Male,0.55.72.233,16
542,Carlo,Jobes,cjobesf1@usa.gov,Male,248.249.149.50,26
543,Carlos,Rymill,crymillf2@bloglines.com,Male,137.117.134.217,34
544,Timofei,Thiolier,tthiolierf3@elegantthemes.com,Male,68.70.94.72,0
545,Maynord,Cato,mcatof4@cisco.com,Male,63.217.112.247,85
546,Mitch,Barkess,mbarkessf5@jigsy.com,Male,255.199.234.142,69
547,Dot,Jouhning,djouhningf6@reference.com,Female,59.243.212.57,86
548,Drew,Izacenko,dizacenkof7@wikipedia.org,Male,12.166.45.36,4
549,Carson,Bagehot,cbagehotf8@studiopress.com,Male,201.74.83.52,73
550,Angel,Blakden,ablakdenf9@who.int,Female,112.129.85.136,64
551,Bink,Rowsell,browsellfa@newsvine.com,Male,191.68.33.66,71
552,Fredrika,Lilion,flilionfb@cloudflare.com,Female,23.17.222.192,15
553,Corey,Gibard,cgibardfc@last.fm,Male,88.45.12.152,4
554,Obie,Smittoune,osmittounefd@java.com,Male,117.124.105.93,96
555,Taddeo,Fri,tfrife@opera.com,Male,112.153.225.115,29
556,Mirna,Bails,mbailsff@php.net,Female,45.30.32.6,15
557,Nickolai,Appleford,napplefordfg@nsw.gov.au,Male,196.185.14.39,0
558,Derward,Sibborn,dsibbornfh@bbc.co.uk,Male,222.7.159.147,24
559,Earlie,Esmond,eesmondfi@earthlink.net,Male,165.192.96.246,7
560,Goldie,Preston,gprestonfj@google.co.uk,Female,171.139.175.85,84
561,Selestina,Airey,saireyfk@wunderground.com,Female,153.114.147.195,23
562,Abbi,Risbrough,arisbroughfl@topsy.com,Female,55.28.133.206,42
563,Winifield,Shelliday,wshellidayfm@dedecms.com,Male,8.79.16.246,12
564,Normie,Beers,nbeersfn@dailymail.co.uk,Male,9.57.129.197,55
565,Yanaton,Stanbro,ystanbrofo@macromedia.com,Male,7.40.168.90,41
566,Matelda,Desouza,mdesouzafp@last.fm,Female,129.255.31.97,18
567,Loreen,Cockings,lcockingsfq@mozilla.com,Female,60.154.237.189,44
568,Demeter,Berth,dberthfr@samsung.com,Female,234.172.130.128,77
569,Velma,Rosensaft,vrosensaftfs@flickr.com,Female,221.69.56.115,96
570,Ettie,Whitwell,ewhitwellft@whitehouse.gov,Female,188.118.44.235,24
571,Glynn,Dorset,gdorsetfu@intel.com,Male,91.136.26.134,62
572,Mildred,Sagg,msaggfv@bandcamp.com,Female,40.223.20.183,41
573,Nydia,Bragginton,nbraggintonfw@tmall.com,Female,8.58.141.122,30
574,Ker,Stopp,kstoppfx@washington.edu,Male,254.96.135.218,77
575,Merell,Whittuck,mwhittuckfy@biglobe.ne.jp,Male,186.239.181.17,40
576,Jennine,Redpath,jredpathfz@google.com.hk,Female,174.155.163.254,96
577,Rustie,Plenty,rplentyg0@hud.gov,Male,57.247.218.169,36
578,Lannie,Krienke,lkrienkeg1@squidoo.com,Male,219.228.67.106,9
579,Gayler,Macieja,gmaciejag2@google.com.hk,Male,64.122.249.73,27
580,Conny,Bartak,cbartakg3@instagram.com,Female,163.163.14.54,4
581,Ad,Antonias,aantoniasg4@usda.gov,Male,178.251.22.186,90
582,Si,Glanders,sglandersg5@admin.ch,Male,25.49.166.0,90
583,Forbes,Southard,fsouthardg6@squidoo.com,Male,126.86.255.45,89
584,Ewen,Abelov,eabelovg7@tiny.cc,Male,137.113.97.95,28
585,Early,Westcott,ewestcottg8@google.com.au,Male,180.156.94.33,48
586,Fabio,Chorley,fchorleyg9@irs.gov,Male,93.119.230.36,96
587,Freemon,Gounel,fgounelga@stumbleupon.com,Male,155.42.114.189,99
588,Eveleen,Jorissen,ejorissengb@howstuffworks.com,Female,20.115.195.177,41
589,Wald,Deeth,wdeethgc@bloomberg.com,Male,10.150.21.15,35
590,Jordanna,Acey,jaceygd@bbb.org,Female,203.90.77.51,49
591,Lynnet,Sarll,lsarllge@redcross.org,Female,30.17.103.41,38
592,Marijo,Hammatt,mhammattgf@dyndns.org,Female,153.104.174.16,20
593,Konstantine,Saer,ksaergg@indiatimes.com,Male,128.71.107.113,5
594,Cirstoforo,Bollen,cbollengh@examiner.com,Male,186.40.185.140,26
595,Crawford,O' Cloney,cocloneygi@spiegel.de,Male,248.96.130.74,30
596,Nealson,Champerlen,nchamperlengj@google.co.jp,Male,254.182.171.7,78
597,Elsa,Scourfield,escourfieldgk@examiner.com,Female,120.214.237.15,99
598,Trula,Moyce,tmoycegl@unicef.org,Female,239.188.171.12,61
599,Amil,Low,alowgm@yandex.ru,Female,2.115.72.142,35
600,Onfre,Anthonsen,oanthonsengn@cocolog-nifty.com,Male,120.180.69.74,9
601,Kellia,Glison,kglisongo@facebook.com,Female,135.115.196.169,4
602,Dun,Schimoni,dschimonigp@meetup.com,Male,224.33.116.74,17
603,Urbain,Colchett,ucolchettgq@furl.net,Male,115.22.158.158,57
604,Ive,Hearnshaw,ihearnshawgr@a8.net,Male,163.73.135.116,77
605,Claudia,Monday,cmondaygs@disqus.com,Female,45.246.16.222,33
606,Glen,Sheahan,gsheahangt@altervista.org,Female,74.181.227.196,79
607,Stan,Hofner,shofnergu@freewebs.com,Male,53.227.141.14,24
608,Saundra,Colombier,scolombiergv@1und1.de,Male,84.218.38.178,59
609,Rusty,Nottram,rnottramgw@umn.edu,Male,92.33.177.123,38
610,Renault,Jewers,rjewersgx@webeden.co.uk,Male,52.222.254.46,58
611,Riordan,Fowles,rfowlesgy@time.com,Male,215.156.31.34,31
612,Farlee,Shanley,fshanleygz@51.la,Male,20.177.166.8,16
613,Rutledge,Ferraraccio,rferraraccioh0@altervista.org,Male,215.183.16.235,61
614,Piper,Smethurst,psmethursth1@t-online.de,Female,188.43.87.204,64
615,Sherye,Willox,swilloxh2@facebook.com,Female,194.17.230.118,46
616,Shoshanna,Smithyman,ssmithymanh3@intel.com,Female,179.8.194.232,57
617,Gary,Braddick,gbraddickh4@google.com.br,Male,236.173.41.192,64
618,Virgie,Bolf,vbolfh5@senate.gov,Male,79.115.248.0,93
619,Shell,Dael,sdaelh6@jalbum.net,Female,106.64.86.16,84
620,Em,Collicott,ecollicotth7@independent.co.uk,Female,103.238.73.165,58
621,Sallyanne,De Maine,sdemaineh8@thetimes.co.uk,Female,25.151.103.237,61
622,Matthew,Nockolds,mnockoldsh9@artisteer.com,Male,207.37.224.192,54
623,Anne,Brass,abrassha@netvibes.com,Female,97.20.195.219,7
624,Mile,Guilloud,mguilloudhb@soup.io,Male,216.56.201.201,87
625,Tyne,Kimberly,tkimberlyhc@privacy.gov.au,Female,235.141.189.228,78
626,Vickie,Pennycord,vpennycordhd@craigslist.org,Female,8.140.75.137,64
627,Sterling,Tregent,stregenthe@php.net,Male,200.34.167.233,50
628,Ainslee,Cammell,acammellhf@weibo.com,Female,245.46.20.193,60
629,Iver,Budgett,ibudgetthg@about.me,Male,195.162.184.210,29
630,Ugo,Tidgewell,utidgewellhh@google.ru,Male,17.190.96.41,97
631,Jephthah,Kitchingham,jkitchinghamhi@merriam-webster.com,Male,117.5.50.173,74
632,Duke,Grove,dgrovehj@photobucket.com,Male,18.105.101.98,29
633,Silvio,Mowsdill,smowsdillhk@ox.ac.uk,Male,202.163.249.183,5
634,Evangelina,Semechik,esemechikhl@reddit.com,Female,15.8.32.152,61
635,Delaney,Littlewood,dlittlewoodhm@studiopress.com,Male,196.37.103.31,69
636,Veronica,Seiler,vseilerhn@istockphoto.com,Female,116.85.103.28,60
637,Gail,Fotheringham,gfotheringhamho@upenn.edu,Male,236.233.94.105,6
638,Chandler,Timson,ctimsonhp@google.co.jp,Male,133.169.39.176,11
639,Willie,Reen,wreenhq@gizmodo.com,Male,196.201.216.139,67
640,Abbie,Menichillo,amenichillohr@phpbb.com,Female,198.245.57.32,71
641,Cam,Chisman,cchismanhs@cnbc.com,Male,151.212.73.133,99
642,Farley,Sanney,fsanneyht@dailymail.co.uk,Male,102.231.206.44,39
643,Tobye,Sibbs,tsibbshu@google.com.au,Female,148.243.89.212,26
644,Morten,Boot,mboothv@google.com.br,Male,227.233.159.155,8
645,Corty,Embra,cembrahw@bizjournals.com,Male,54.244.122.36,89
646,Rickey,Neylon,rneylonhx@bloglines.com,Male,95.18.22.100,45
647,Zacharia,Elfleet,zelfleethy@youku.com,Male,45.10.227.232,97
648,Rubina,Harken,rharkenhz@rediff.com,Female,226.7.27.126,64
649,Matti,Shawyer,mshawyeri0@t-online.de,Female,90.246.89.101,48
650,Stanly,Poller,spolleri1@examiner.com,Male,106.217.15.141,66
651,Haslett,Rettie,hrettiei2@diigo.com,Male,30.86.68.35,31
652,Shanda,Gajewski,sgajewskii3@surveymonkey.com,Female,105.12.19.80,32
653,Nanci,Fritche,nfritchei4@mac.com,Female,106.251.66.211,79
654,Darrelle,Gamell,dgamelli5@economist.com,Female,159.224.76.114,16
655,Theodore,Poncet,tponceti6@mediafire.com,Male,178.213.174.33,52
656,Walsh,Gerner,wgerneri7@toplist.cz,Male,242.220.128.9,73
657,Lay,Grastye,lgrastyei8@forbes.com,Male,183.69.89.51,0
658,Madge,Seden,msedeni9@pen.io,Female,97.66.245.241,2
659,Perri,Ilem,pilemia@cam.ac.uk,Female,80.89.42.135,73
660,Dulsea,Gionettitti,dgionettittiib@google.com.br,Female,176.54.233.170,41
661,Garrett,Legonidec,glegonidecic@home.pl,Male,11.180.113.52,87
662,Brunhilda,Ibanez,bibanezid@joomla.org,Female,41.86.193.153,82
663,Darryl,Condon,dcondonie@clickbank.net,Male,74.246.221.215,27
664,Eugene,Allawy,eallawyif@constantcontact.com,Male,249.4.227.227,28
665,Chen,Innerstone,cinnerstoneig@ft.com,Male,136.93.189.76,74
666,Genevra,Mantione,gmantioneih@stanford.edu,Female,43.36.213.228,38
667,Emmalynn,Dourin,edourinii@who.int,Female,11.187.103.162,28
668,Jerrilee,Dominichelli,jdominichelliij@cam.ac.uk,Female,129.27.89.207,32
669,Melly,Baudic,mbaudicik@forbes.com,Female,95.110.11.10,7
670,Pandora,Prudham,pprudhamil@jalbum.net,Female,232.79.169.4,15
671,Jackie,Emmet,jemmetim@columbia.edu,Female,204.144.137.130,26
672,Florentia,Charlon,fcharlonin@nydailynews.com,Female,40.205.245.50,25
673,Rozamond,Kirrens,rkirrensio@lycos.com,Female,236.39.135.81,29
674,Kris,Rosone,krosoneip@last.fm,Male,118.119.91.124,54
675,Ashton,Haselden,ahaseldeniq@stanford.edu,Male,3.121.133.61,10
676,Bud,Dabels,bdabelsir@xinhuanet.com,Male,201.115.97.159,91
677,Angy,Le Sarr,alesarris@accuweather.com,Female,80.183.118.61,28
678,Suzy,Bleackley,sbleackleyit@soundcloud.com,Female,65.35.93.68,34
679,Hyatt,Kulis,hkulisiu@wsj.com,Male,33.248.110.24,32
680,Reinaldos,Cade,rcadeiv@cornell.edu,Male,98.12.123.61,21
681,Farrand,Benjafield,fbenjafieldiw@cafepress.com,Female,160.199.58.74,75
682,Arin,Nund,anundix@jigsy.com,Male,223.126.33.212,86
683,Daryl,Heindrick,dheindrickiy@cargocollective.com,Female,111.29.180.47,92
684,Ellie,Dreghorn,edreghorniz@thetimes.co.uk,Female,19.88.85.59,17
685,Brenna,Braim,bbraimj0@cargocollective.com,Female,74.230.145.53,41
686,Rivalee,McQuaid,rmcquaidj1@hugedomains.com,Female,46.98.204.127,9
687,Maximilien,Kerrich,mkerrichj2@sbwire.com,Male,125.153.164.183,5
688,Chadd,Wombwell,cwombwellj3@usa.gov,Male,96.135.185.86,17
689,Bonni,Camin,bcaminj4@t.co,Female,227.42.40.12,81
690,Caz,Robertot,crobertotj5@tumblr.com,Male,41.51.155.155,84
691,Tabbi,Orman,tormanj6@sina.com.cn,Female,60.131.116.26,5
692,Fay,Rolstone,frolstonej7@macromedia.com,Female,204.164.90.158,5
693,Harry,Glascott,hglascottj8@bing.com,Male,126.238.188.68,28
694,Hollie,Serfati,hserfatij9@macromedia.com,Female,181.213.46.237,12
695,Willard,Lidell,wlidellja@ifeng.com,Male,51.167.49.184,100
696,Hadrian,Heater,hheaterjb@twitter.com,Male,119.255.190.206,41
697,Tod,Llorens,tllorensjc@mail.ru,Male,62.24.227.222,1
698,Chris,Tidswell,ctidswelljd@wix.com,Male,114.78.162.129,27
699,Larisa,O'Hannay,lohannayje@4shared.com,Female,30.56.190.126,61
700,Philis,Dunniom,pdunniomjf@zdnet.com,Female,182.54.182.9,94
701,Irwin,Hurd,ihurdjg@marriott.com,Male,189.8.216.12,19
702,Stacie,Gladdifh,sgladdifhjh@wisc.edu,Female,228.101.237.144,53
703,Manuel,Boykett,mboykettji@army.mil,Male,120.125.206.77,21
704,Dannie,Keyzman,dkeyzmanjj@wikimedia.org,Female,159.121.69.125,76
705,Hartley,Wyson,hwysonjk@go.com,Male,211.249.170.114,70
706,Angelica,McCaig,amccaigjl@t-online.de,Female,37.124.116.238,15
707,Ransell,Bedding,rbeddingjm@japanpost.jp,Male,236.123.123.82,82
708,Sandra,Solleme,ssollemejn@toplist.cz,Female,255.191.60.25,44
709,Izak,Oty,iotyjo@ebay.com,Male,233.157.79.245,89
710,Farlay,Mc Dermid,fmcdermidjp@arstechnica.com,Male,194.125.170.249,69
711,Kylie,Kusick,kkusickjq@yelp.com,Female,70.24.186.248,90
712,Lynde,Cuncarr,lcuncarrjr@globo.com,Female,252.69.144.72,15
713,Lyn,Baszkiewicz,lbaszkiewiczjs@smugmug.com,Male,80.254.127.93,12
714,Mill,Tander,mtanderjt@51.la,Male,28.201.187.251,99
715,Klara,Dugmore,kdugmoreju@hatena.ne.jp,Female,69.73.205.250,101
716,Beatrisa,Hunter,bhunterjv@prnewswire.com,Female,57.39.129.143,9
717,Scarlett,Mealiffe,smealiffejw@joomla.org,Female,89.118.249.52,92
718,Luise,Abdie,labdiejx@samsung.com,Female,158.198.144.109,66
719,Wandie,Strahan,wstrahanjy@shareasale.com,Female,137.104.42.127,97
720,Baldwin,Letterese,bletteresejz@digg.com,Male,198.243.214.171,8
721,Chiquia,Friar,cfriark0@who.int,Female,199.254.248.233,53
722,Tailor,Chapman,tchapmank1@ow.ly,Male,62.164.44.188,37
723,Kaylil,Hollyman,khollymank2@shop-pro.jp,Female,218.14.11.232,17
724,Gloriana,Ivel,givelk3@auda.org.au,Female,71.228.128.189,78
725,Gusella,Sharpley,gsharpleyk4@angelfire.com,Female,80.55.203.86,69
726,Easter,Causnett,ecausnettk5@paypal.com,Female,246.16.192.227,44
727,Darlene,Smither,dsmitherk6@lycos.com,Female,166.32.78.183,92
728,Lise,Dodds,ldoddsk7@springer.com,Female,213.88.170.168,78
729,Celine,La Wille,clawillek8@ebay.co.uk,Female,167.157.37.188,16
730,Noel,Carlone,ncarlonek9@gnu.org,Female,12.105.251.227,13
731,Calhoun,Stutt,cstuttka@blogspot.com,Male,75.181.91.72,72
732,Ashlin,Bateup,abateupkb@earthlink.net,Male,16.137.14.19,57
733,Alfred,Disley,adisleykc@wufoo.com,Male,209.70.211.111,84
734,Maud,Matantsev,mmatantsevkd@blinklist.com,Female,44.198.238.67,99
735,Terrance,Donohoe,tdonohoeke@walmart.com,Male,55.127.57.206,72
736,Cody,Holyard,cholyardkf@state.tx.us,Male,176.190.50.132,76
737,Blinny,Cecely,bcecelykg@nytimes.com,Female,98.153.184.148,20
738,Leicester,Smogur,lsmogurkh@weibo.com,Male,244.6.85.120,95
739,Phyllys,Halt,phaltki@hc360.com,Female,58.239.190.91,37
740,Gilligan,Hatwells,ghatwellskj@uol.com.br,Female,13.76.114.96,68
741,Dorree,Glidden,dgliddenkk@guardian.co.uk,Female,143.108.42.55,31
742,Guillemette,Ferreli,gferrelikl@google.es,Female,82.22.9.18,46
743,Ernesto,Decourcy,edecourcykm@quantcast.com,Male,186.84.27.134,84
744,Burnaby,Piesold,bpiesoldkn@merriam-webster.com,Male,89.186.162.246,57
745,Britni,McClosh,bmccloshko@bandcamp.com,Female,123.159.217.120,72
746,Laurianne,Jiras,ljiraskp@imageshack.us,Female,199.161.95.152,80
747,Gerome,Skone,gskonekq@quantcast.com,Male,165.151.227.159,51
748,Darrelle,Bruyntjes,dbruyntjeskr@digg.com,Female,68.201.129.179,27
749,Maude,Silburn,msilburnks@cnbc.com,Female,165.187.145.31,42
750,Gabriello,Sellors,gsellorskt@hhs.gov,Male,5.138.141.124,46
751,Lombard,Dericut,ldericutku@newsvine.com,Male,136.64.0.121,8
752,Roger,Morgan,rmorgankv@bigcartel.com,Male,82.206.222.186,79
753,Augusta,Bosworth,abosworthkw@issuu.com,Female,251.39.90.246,3
754,Janek,Wessell,jwessellkx@ning.com,Male,48.233.255.9,50
755,Jacquelyn,Woolham,jwoolhamky@wiley.com,Female,248.107.147.253,96
756,Britney,Adriani,badrianikz@sphinn.com,Female,171.66.137.232,51
757,Kirbee,Gibbonson,kgibbonsonl0@cnet.com,Female,182.78.29.190,17
758,Amargo,Pilpovic,apilpovicl1@intel.com,Female,78.57.171.2,89
759,Andres,Matessian,amatessianl2@discuz.net,Male,223.210.213.216,37
760,Annmarie,McTeer,amcteerl3@bigcartel.com,Female,97.104.69.179,98
761,Joli,Shrubshall,jshrubshalll4@purevolume.com,Female,168.239.230.118,33
762,Roxine,Glew,rglewl5@flickr.com,Female,141.152.85.226,31
763,Shoshanna,Hopfer,shopferl6@newyorker.com,Female,221.193.72.1,82
764,Sibley,Corton,scortonl7@flickr.com,Female,233.76.123.17,28
765,Susanetta,Rohlfing,srohlfingl8@statcounter.com,Female,63.89.97.216,23
766,Eleonora,Midner,emidnerl9@fda.gov,Female,70.7.157.8,70
767,Patten,McCole,pmccolela@typepad.com,Male,225.53.248.225,83
768,Kane,Aery,kaerylb@rediff.com,Male,68.115.221.164,22
769,Arlette,Dundridge,adundridgelc@hibu.com,Female,8.4.11.107,46
770,Agace,Daoust,adaoustld@nymag.com,Female,169.120.252.54,24
771,Con,Solland,csollandle@bloglines.com,Male,208.216.44.42,89
772,Randie,Alten,raltenlf@shinystat.com,Female,213.20.222.9,99
773,Berkie,Gimenez,bgimenezlg@t.co,Male,39.34.235.39,35
774,Shaughn,Birtwhistle,sbirtwhistlelh@spiegel.de,Male,154.22.198.153,22
775,Latrina,Nursey,lnurseyli@bizjournals.com,Female,199.243.243.231,90
776,Bertrand,Lorenzetti,blorenzettilj@vinaora.com,Male,26.22.87.186,9
777,Allyce,Frango,afrangolk@ezinearticles.com,Female,185.160.232.24,97
778,Quill,Scare,qscarell@hc360.com,Male,21.31.206.101,34
779,Josh,Barwack,jbarwacklm@drupal.org,Male,93.190.234.61,83
780,Horace,Guye,hguyeln@example.com,Male,200.173.197.254,84
781,Giulietta,Gillease,ggilleaselo@tiny.cc,Female,195.101.161.181,93
782,Dougie,Slade,dsladelp@gmpg.org,Male,123.201.187.127,64
783,Isahella,Weatherhill,iweatherhilllq@quantcast.com,Female,2.196.47.251,87
784,Ross,Statter,rstatterlr@elegantthemes.com,Male,196.153.56.150,101
785,Candy,Colbourne,ccolbournels@addthis.com,Female,162.229.237.246,72
786,Kingston,McNelly,kmcnellylt@senate.gov,Male,112.223.245.229,15
787,Garrick,Audrey,gaudreylu@blog.com,Male,103.129.128.247,24
788,Dara,Hadenton,dhadentonlv@businessweek.com,Female,98.69.27.35,11
789,Cullan,Aggott,caggottlw@elegantthemes.com,Male,203.206.63.92,59
790,Joanie,Seiler,jseilerlx@ifeng.com,Female,188.160.83.119,67
791,Ulrich,Raun,uraunly@gravatar.com,Male,135.40.176.54,96
792,Darren,Coggill,dcoggilllz@taobao.com,Male,15.87.211.79,83
793,Evered,Victory,evictorym0@pinterest.com,Male,234.177.32.187,97
794,Teodorico,McQuillan,tmcquillanm1@themeforest.net,Male,208.249.204.89,45
795,Ennis,Sell,esellm2@dailymail.co.uk,Male,4.219.66.50,7
796,Willette,Beggan,wbegganm3@sciencedirect.com,Female,35.249.88.240,27
797,Lindon,Ball,lballm4@apple.com,Male,239.141.178.170,41
798,Kris,Blinco,kblincom5@dailymail.co.uk,Female,88.204.68.104,5
799,Alvis,Mavin,amavinm6@cnn.com,Male,69.11.167.91,2
800,Orlan,Uwins,ouwinsm7@arizona.edu,Male,32.98.39.123,40
801,Jsandye,Tabour,jtabourm8@columbia.edu,Female,239.161.93.124,48
802,Pris,Eversfield,peversfieldm9@prweb.com,Female,5.12.100.15,40
803,Tam,Woodyatt,twoodyattma@weather.com,Male,115.179.98.132,2
804,Irving,Polson,ipolsonmb@wufoo.com,Male,230.59.111.75,101
805,Alie,Matyas,amatyasmc@thetimes.co.uk,Female,213.162.38.153,37
806,Inigo,Oseman,iosemanmd@shop-pro.jp,Male,220.45.70.16,40
807,Anson,Dahlman,adahlmanme@rediff.com,Male,195.229.200.171,60
808,Irvine,Cabrera,icabreramf@aboutads.info,Male,71.216.83.50,78
809,Anabelle,Arpur,aarpurmg@jugem.jp,Female,4.240.65.37,59
810,Nikaniki,Delort,ndelortmh@pbs.org,Female,202.46.123.90,65
811,Baxter,Barlee,bbarleemi@google.com.br,Male,88.189.43.153,10
812,Lezley,Attenbarrow,lattenbarrowmj@fema.gov,Male,13.153.241.166,3
813,Noland,Klyner,nklynermk@princeton.edu,Male,121.229.84.253,79
814,Bond,Dmitr,bdmitrml@cmu.edu,Male,27.222.43.114,1
815,Mildred,Dykas,mdykasmm@ameblo.jp,Female,216.161.115.166,80
816,Willi,Malt,wmaltmn@toplist.cz,Female,24.235.24.122,46
817,Krispin,Titmarsh,ktitmarshmo@seattletimes.com,Male,179.53.49.176,78
818,Louis,Belz,lbelzmp@census.gov,Male,16.88.149.88,25
819,Yehudit,Doggerell,ydoggerellmq@is.gd,Male,134.30.13.251,15
820,Nolan,Pedreschi,npedreschimr@tmall.com,Male,103.52.60.255,3
821,Marge,Aylwin,maylwinms@arizona.edu,Female,167.118.39.122,67
822,Alvy,Rosetti,arosettimt@walmart.com,Male,216.24.166.184,65
823,Selina,Ander,sandermu@list-manage.com,Female,231.2.216.122,39
824,Kelila,Dowell,kdowellmv@so-net.ne.jp,Female,91.46.98.167,24
825,Carola,Forgie,cforgiemw@economist.com,Female,119.75.0.144,0
826,Theo,Shelper,tshelpermx@skyrock.com,Female,204.171.84.20,85
827,Svend,Renackowna,srenackownamy@princeton.edu,Male,47.182.13.120,88
828,Harri,Titley,htitleymz@fema.gov,Female,135.134.79.58,41
829,Cordy,Gudgeon,cgudgeonn0@virginia.edu,Male,18.147.81.88,91
830,Allister,Sissens,asissensn1@dion.ne.jp,Male,148.141.196.242,38
831,Angil,Tracey,atraceyn2@unesco.org,Female,42.190.69.14,7
832,Emlyn,Birtwhistle,ebirtwhistlen3@theguardian.com,Male,44.127.227.168,99
833,Kristopher,Connikie,kconnikien4@drupal.org,Male,96.45.143.104,89
834,Ilene,Nice,inicen5@slashdot.org,Female,237.225.224.160,6
835,Abbey,Mansion,amansionn6@woothemes.com,Female,238.50.191.29,46
836,Tonie,Nicolls,tnicollsn7@amazon.de,Female,155.94.102.137,92
837,Sully,Mattioni,smattionin8@rambler.ru,Male,135.193.247.111,53
838,Benedetta,Forstall,bforstalln9@stanford.edu,Female,235.109.113.37,3
839,Filippo,Blackly,fblacklyna@ebay.com,Male,158.23.138.87,98
840,Bridie,Jouhandeau,bjouhandeaunb@comcast.net,Female,174.44.55.85,67
841,Alia,Gain,againnc@bigcartel.com,Female,104.61.89.206,95
842,Beltran,Aloway,balowaynd@wiley.com,Male,194.212.145.203,33
843,Meade,Avramow,mavramowne@mapy.cz,Male,199.85.237.245,89
844,Laughton,McClounan,lmcclounannf@unicef.org,Male,68.148.220.151,69
845,Cristin,Brosoli,cbrosoling@miitbeian.gov.cn,Female,169.241.142.0,35
846,Leroi,Grattan,lgrattannh@lycos.com,Male,68.248.189.36,10
847,Candie,Fermoy,cfermoyni@parallels.com,Female,229.34.132.251,49
848,Berton,Lethem,blethemnj@europa.eu,Male,6.152.67.221,71
849,Natala,Briskey,nbriskeynk@telegraph.co.uk,Female,165.82.66.140,61
850,Emily,Alesi,ealesinl@imageshack.us,Female,221.79.0.101,22
851,Filberto,Spyer,fspyernm@china.com.cn,Male,190.123.25.100,45
852,Harry,Garbott,hgarbottnn@technorati.com,Male,51.24.36.80,50
853,Xenia,Whebell,xwhebellno@nbcnews.com,Female,65.249.80.107,80
854,Benn,Esel,beselnp@hibu.com,Male,39.213.108.124,82
855,Sherry,Moxstead,smoxsteadnq@amazon.de,Female,201.112.187.45,48
856,Elsi,Murthwaite,emurthwaitenr@xinhuanet.com,Female,87.238.88.228,52
857,Peta,MacCall,pmaccallns@census.gov,Female,10.88.78.228,2
858,Welbie,Mouse,wmousent@liveinternet.ru,Male,239.56.34.74,48
859,Marybeth,Grindall,mgrindallnu@slideshare.net,Female,64.107.112.9,83
860,Emelia,Hurtic,ehurticnv@google.com.hk,Female,230.223.82.247,11
861,Edgar,O'Shields,eoshieldsnw@webeden.co.uk,Male,59.107.161.220,35
862,Germayne,Abrahamoff,gabrahamoffnx@tiny.cc,Male,18.79.205.33,39
863,Curr,Symmons,csymmonsny@amazon.de,Male,87.96.175.172,53
864,Yehudit,Driffe,ydriffenz@storify.com,Male,144.229.45.52,65
865,Dunn,Mournian,dmourniano0@delicious.com,Male,179.252.237.247,35
866,Galvan,Medgwick,gmedgwicko1@bravesites.com,Male,48.186.115.152,68
867,Crissy,Roundtree,croundtreeo2@google.cn,Female,230.143.238.177,81
868,Powell,Garthside,pgarthsideo3@dion.ne.jp,Male,154.32.26.57,6
869,Winfield,O'Mailey,womaileyo4@ox.ac.uk,Male,36.68.218.0,14
870,Ahmed,Simyson,asimysono5@yellowbook.com,Male,215.176.81.225,11
871,Rufus,Edwicker,redwickero6@guardian.co.uk,Male,3.29.9.141,47
872,Tarrance,Syddie,tsyddieo7@wunderground.com,Male,239.248.189.234,35
873,Avery,Gillmore,agillmoreo8@scribd.com,Male,79.252.119.89,3
874,Julius,Cowlard,jcowlardo9@shutterfly.com,Male,253.173.199.127,28
875,Kaleb,Guidetti,kguidettioa@list-manage.com,Male,200.144.244.95,67
876,Dot,Look,dlookob@fc2.com,Female,81.218.181.202,46
877,Tanya,Emlen,temlenoc@state.gov,Female,223.65.96.154,22
878,Grannie,Cromett,gcromettod@china.com.cn,Male,198.51.9.149,80
879,Wilie,McGonigal,wmcgonigaloe@networksolutions.com,Female,118.233.63.164,60
880,Seline,Fettiplace,sfettiplaceof@dot.gov,Female,77.91.67.24,68
881,Milka,Rackley,mrackleyog@blog.com,Female,57.118.149.70,25
882,Lynnet,Grishmanov,lgrishmanovoh@google.pl,Female,115.25.19.105,43
883,Quentin,Tilly,qtillyoi@liveinternet.ru,Female,46.8.104.111,59
884,Tamas,Titcombe,ttitcombeoj@toplist.cz,Male,211.245.244.209,101
885,Aldridge,Rosenbusch,arosenbuschok@google.nl,Male,136.44.137.31,35
886,Thorny,Cameron,tcameronol@blogspot.com,Male,169.27.47.186,26
887,Stefanie,Kaaskooper,skaaskooperom@mtv.com,Female,142.10.188.87,1
888,Ripley,Garrett,rgarretton@marriott.com,Male,129.94.156.77,31
889,Cosme,Chasney,cchasneyoo@utexas.edu,Male,184.109.246.64,98
890,Tova,Gozzard,tgozzardop@miitbeian.gov.cn,Female,170.18.81.217,96
891,Vannie,Benedite,vbenediteoq@prweb.com,Female,137.202.84.92,32
892,Rheba,Krysztofowicz,rkrysztofowiczor@techcrunch.com,Female,158.9.6.111,74
893,Farr,Barde,fbardeos@wired.com,Male,37.35.115.172,11
894,Julieta,Elton,jeltonot@amazon.com,Female,178.75.20.251,14
895,Jaquith,Marks,jmarksou@bbb.org,Female,34.137.119.62,65
896,Ellette,Prowting,eprowtingov@ycombinator.com,Female,148.156.14.19,51
897,Helenelizabeth,Sedgeworth,hsedgeworthow@360.cn,Female,126.147.153.134,22
898,Salvidor,Radloff,sradloffox@marriott.com,Male,5.1.208.31,7
899,Paddy,Tuffey,ptuffeyoy@histats.com,Male,244.19.30.219,52
900,Zulema,Beeres,zbeeresoz@slideshare.net,Female,213.78.160.32,6
901,Jeramie,Chainey,jchaineyp0@digg.com,Male,12.32.135.31,55
902,Quentin,Lemme,qlemmep1@cpanel.net,Female,164.180.34.172,44
903,Dyane,Brookesbie,dbrookesbiep2@blogspot.com,Female,247.70.71.88,31
904,Orelle,Topling,otoplingp3@wikia.com,Female,176.135.28.7,98
905,Jeffie,Bresnahan,jbresnahanp4@nationalgeographic.com,Male,232.17.95.95,101
906,Clayborne,Whilder,cwhilderp5@plala.or.jp,Male,201.2.243.86,85
907,Borg,Caswall,bcaswallp6@vkontakte.ru,Male,73.168.121.134,56
908,Arlana,Overlow,aoverlowp7@wikimedia.org,Female,229.15.233.153,14
909,Peg,Liley,plileyp8@ucsd.edu,Female,201.233.188.21,60
910,Ralph,Chantler,rchantlerp9@cnn.com,Male,43.234.196.105,7
911,Belinda,Juares,bjuarespa@sohu.com,Female,167.171.26.41,87
912,Emmeline,Malcher,emalcherpb@booking.com,Female,38.18.187.95,33
913,Daniel,Overbury,doverburypc@buzzfeed.com,Male,105.59.117.236,75
914,Jemie,Drinkhill,jdrinkhillpd@technorati.com,Female,246.159.236.24,94
915,Chad,Asif,casifpe@cisco.com,Male,3.71.14.83,34
916,Eimile,Gratrix,egratrixpf@bloglines.com,Female,244.223.132.252,43
917,Nealy,Larner,nlarnerpg@dedecms.com,Male,168.22.146.177,68
918,Alfonse,Gartside,agartsideph@cyberchimps.com,Male,43.216.173.101,8
919,Tybi,Leckey,tleckeypi@github.com,Female,248.252.9.148,44
920,Baird,Grichukhin,bgrichukhinpj@kickstarter.com,Male,106.96.17.231,35
921,Kira,Morillas,kmorillaspk@rambler.ru,Female,142.235.241.88,77
922,Hilliary,Oldknowe,holdknowepl@surveymonkey.com,Female,196.59.145.68,46
923,Alix,Mullineux,amullineuxpm@upenn.edu,Male,67.230.3.129,11
924,Syd,Gertray,sgertraypn@infoseek.co.jp,Male,158.206.172.32,60
925,Jobey,Abel,jabelpo@youtube.com,Female,60.140.58.151,53
926,Amitie,Fairnington,afairningtonpp@imageshack.us,Female,196.95.11.11,13
927,Darnell,Courtenay,dcourtenaypq@ifeng.com,Male,239.28.192.72,27
928,Ethe,Anelay,eanelaypr@hubpages.com,Male,201.202.89.87,33
929,Cort,Eastup,ceastupps@technorati.com,Male,221.40.222.170,98
930,Andrea,Wolfit,awolfitpt@adobe.com,Male,214.54.235.101,14
931,Yorke,Swainston,yswainstonpu@ca.gov,Male,153.138.9.99,3
932,Nikki,Christaeas,nchristaeaspv@rakuten.co.jp,Male,30.255.22.58,55
933,Gonzales,Reuther,greutherpw@smugmug.com,Male,155.120.107.106,1
934,Neysa,Fitzsimmons,nfitzsimmonspx@bluehost.com,Female,78.155.228.25,27
935,Vina,Lidyard,vlidyardpy@odnoklassniki.ru,Female,184.101.29.187,29
936,Care,Domini,cdominipz@sina.com.cn,Male,218.121.66.212,89
937,Linnet,Stocking,lstockingq0@theguardian.com,Female,115.137.173.59,77
938,Kriste,Olivi,koliviq1@theglobeandmail.com,Female,190.39.108.110,86
939,Fredia,Alcide,falcideq2@hostgator.com,Female,233.218.249.128,59
940,Arie,Lingwood,alingwoodq3@eventbrite.com,Male,145.244.229.24,100
941,Imelda,Giffin,igiffinq4@economist.com,Female,153.63.250.74,67
942,Calypso,Maskew,cmaskewq5@multiply.com,Female,31.137.204.200,15
943,Eugenius,Kittles,ekittlesq6@dion.ne.jp,Male,82.62.154.201,97
944,Leda,Ridout,lridoutq7@fotki.com,Female,153.25.108.63,88
945,Valentine,Weagener,vweagenerq8@unicef.org,Male,152.227.254.235,56
946,Joela,McCalister,jmccalisterq9@ucla.edu,Female,178.36.159.234,81
947,Margaretha,Creevy,mcreevyqa@oaic.gov.au,Female,114.102.228.131,81
948,Bekki,Rollinson,brollinsonqb@reddit.com,Female,72.255.190.139,6
949,Markos,Silman,msilmanqc@gmpg.org,Male,105.32.173.255,28
950,Gearalt,MacKaile,gmackaileqd@businessweek.com,Male,108.162.233.108,0
951,Linnet,Paddison,lpaddisonqe@opera.com,Female,87.96.236.165,57
952,Kirbee,Maber,kmaberqf@smh.com.au,Female,239.229.70.54,83
953,Orlan,Moyer,omoyerqg@myspace.com,Male,11.175.143.86,78
954,Maxy,Lanchbury,mlanchburyqh@netlog.com,Female,236.230.1.138,35
955,Lilia,Houselee,lhouseleeqi@jiathis.com,Female,198.232.43.114,24
956,Rubi,Maymand,rmaymandqj@dion.ne.jp,Female,118.176.74.101,13
957,Mordy,King,mkingqk@google.co.uk,Male,40.170.249.59,31
958,Fitzgerald,Richford,frichfordql@devhub.com,Male,39.251.137.36,68
959,Virgil,Estabrook,vestabrookqm@home.pl,Male,116.167.108.225,73
960,Joachim,Pryce,jpryceqn@cdc.gov,Male,220.54.40.67,3
961,Tiffie,Pendrey,tpendreyqo@infoseek.co.jp,Female,159.137.158.87,93
962,Maximilien,Sandison,msandisonqp@nasa.gov,Male,106.122.73.63,5
963,Jaine,Limprecht,jlimprechtqq@last.fm,Female,164.223.96.173,77
964,Jo,Tuberfield,jtuberfieldqr@squidoo.com,Male,29.115.212.91,99
965,Cristiano,Aldrick,caldrickqs@netvibes.com,Male,99.1.176.241,16
966,Michal,Conibeer,mconibeerqt@ox.ac.uk,Female,221.168.84.151,57
967,Henri,De Giovanni,hdegiovanniqu@creativecommons.org,Male,174.214.23.83,15
968,Sayre,Hindmoor,shindmoorqv@chronoengine.com,Female,24.140.133.93,80
969,Justino,Girvan,jgirvanqw@com.com,Male,62.101.239.231,86
970,Carolan,De Anesy,cdeanesyqx@eventbrite.com,Female,250.140.83.189,84
971,Tully,Gulliver,tgulliverqy@freewebs.com,Male,192.82.172.77,31
972,Heall,MacFadzean,hmacfadzeanqz@marketwatch.com,Male,247.4.219.59,33
973,Nye,Veysey,nveyseyr0@tripadvisor.com,Male,120.19.176.11,97
974,Nichole,Mahedy,nmahedyr1@homestead.com,Female,79.243.242.21,10
975,Holli,Hedylstone,hhedylstoner2@example.com,Female,29.225.22.54,96
976,Costa,Doche,cdocher3@gmpg.org,Male,205.215.74.1,19
977,Olva,Beecham,obeechamr4@jalbum.net,Female,43.39.151.103,35
978,Athene,Ternault,aternaultr5@google.com.hk,Female,223.53.196.165,30
979,Ethelin,Earingey,eearingeyr6@friendfeed.com,Female,158.69.65.189,80
980,Juli,Gheeorghie,jgheeorghier7@shinystat.com,Female,182.131.80.101,81
981,Phillip,Riglesford,priglesfordr8@is.gd,Male,177.239.232.223,78
982,Martino,Advani,madvanir9@quantcast.com,Male,242.208.213.84,94
983,Averil,Argontt,aargonttra@webnode.com,Female,190.102.141.165,99
984,Neila,Gatiss,ngatissrb@virginia.edu,Female,116.132.107.217,14
985,Tomas,Ancketill,tancketillrc@fotki.com,Male,51.95.150.156,72
986,Kameko,Chaise,kchaiserd@wordpress.com,Female,154.130.33.94,37
987,Mathian,Du Plantier,mduplantierre@ebay.com,Male,52.111.198.1,41
988,Jaquenette,Grzes,jgrzesrf@topsy.com,Female,142.185.191.99,74
989,Toma,Benard,tbenardrg@cbslocal.com,Female,3.204.248.92,23
990,Alisun,Whittek,awhittekrh@oakley.com,Female,45.47.186.111,48
991,Basilius,Sterman,bstermanri@ycombinator.com,Male,43.245.232.203,46
992,Arv,Sheerin,asheerinrj@bluehost.com,Male,172.42.131.134,52
993,Laurie,Daldan,ldaldanrk@xrea.com,Male,142.18.249.149,28
994,Blithe,Brea,bbrearl@house.gov,Female,245.25.53.19,50
995,Minnnie,Cadden,mcaddenrm@ehow.com,Female,63.80.24.142,63
996,See,Scotting,sscottingrn@de.vu,Male,193.236.42.204,79
997,Guilbert,Jeune,gjeunero@freewebs.com,Male,206.223.185.10,4
998,Jessica,Kohler,jkohlerrp@tamu.edu,Female,225.88.21.105,33
999,Sherilyn,Kun,skunrq@bluehost.com,Female,60.70.190.242,96
1000,Geno,Beurich,gbeurichrr@clickbank.net,Male,114.152.204.26,52
